Type,Name,Request Count,Failure Count,Median Response Time,Average Response Time,Min Response Time,Max Response Time,Average Content Size,Requests/s,Failures/s,50%,66%,75%,80%,90%,95%,98%,99%,99.9%,99.99%,100%
GET,GET /api/products,683,0,6,9.035919708408427,2.0125419832766056,339.4819169770926,80.0,5.71869872830378,0.0,6,6,7,8,12,28,42,81,340,340,340
GET,GET /api/products/[id],263,0,6,10.316324489325739,2.2668750025331974,342.99120801733807,80.0,2.2020757914259064,0.0,6,7,7,8,11,24,49,100,340,340,340
GET,GET /api/users/[id],375,375,6,8.297449701155225,1.7660419689491391,184.85116603551432,622.8986666666667,3.139841907926673,3.139841907926673,6,7,8,9,13,16,35,67,180,180,180
GET,Health Check - Order,138,0,7,18.406398554308932,3.232708026189357,338.4110829792917,53.0,1.1554618221170156,0.0,7,8,14,24,36,46,200,270,340,340,340
GET,Health Check - Product,136,0,6,16.29858116639833,2.4884999729692936,339.0830419957638,55.0,1.1387159986080733,0.0,6,7,12,25,32,72,100,120,340,340,340
GET,Health Check - User,119,119,7,10.846441527515525,2.1198750473558903,162.15295804431662,623.0,0.9963764987820642,0.9963764987820642,7,8,9,11,18,28,36,110,160,160,160
POST,POST /api/orders,130,0,7,12.684598454507068,2.4071670486591756,63.45091597177088,57.0,1.0884785280812466,0.0,7,9,14,24,32,43,48,52,63,63,63
,Aggregated,1844,494,6,10.679329999703853,1.7660419689491391,342.99120801733807,219.96095444685466,15.43964927524476,4.136218406708737,6,7,8,9,18,32,53,95,340,340,340
