Type,Name,Request Count,Failure Count,Median Response Time,Average Response Time,Min Response Time,Max Response Time,Average Content Size,Requests/s,Failures/s,50%,66%,75%,80%,90%,95%,98%,99%,99.9%,99.99%,100%
GET,GET /api/products,6628,0,4,8.477555820147572,0.8445839630439878,739.8573330137879,80.0,22.16496197955364,0.0,4,5,6,6,9,15,41,84,580,740,740
GET,GET /api/products/[id],2624,0,4,7.537861154715512,1.2006249744445086,584.7632079967298,80.0,8.775024175369456,0.0,4,5,6,6,9,15,40,61,400,580,580
GET,GET /api/users/[id],4009,4009,4,5.546713613606032,0.7566669955849648,301.53662496013567,622.8209029683213,13.406658505737862,13.406658505737862,4,4,5,5,7,11,26,49,190,300,300
GET,Health Check - Order,1309,0,5,10.84159370047532,1.2710000155493617,563.4457080159336,53.0,4.377479666752522,0.0,5,6,7,8,19,32,66,100,560,560,560
GET,Health Check - Product,1361,1,5,10.894743245497722,1.0527920094318688,665.414666000288,54.95958853783982,4.551374962910758,0.003344140310735311,5,6,7,8,20,34,70,90,520,670,670
GET,Health Check - User,1307,1307,4,6.102158765054885,0.9959579911082983,105.31316697597504,623.0,4.370791386131051,4.370791386131051,4,5,6,7,10,15,25,44,100,110,110
POST,POST /api/orders,1414,5,5,11.720962803377777,1.1481670080684125,663.649833004456,56.7984441301273,4.72861439937973,0.016720701553676554,5,6,7,9,20,31,52,98,590,660,660
,Aggregated,18652,5322,4,8.137128304943475,0.7566669955849648,739.8573330137879,229.2408320823504,62.374905075835024,17.797514733733326,4,5,6,6,10,19,42,74,520,680,740
