Type,Name,Request Count,Failure Count,Median Response Time,Average Response Time,Min Response Time,Max Response Time,Average Content Size,Requests/s,Failures/s,50%,66%,75%,80%,90%,95%,98%,99%,99.9%,99.99%,100%
GET,GET /api/products,2014,0,5,8.903174906126996,1.3462500064633787,401.2081249966286,80.0,11.20653307503652,0.0,5,6,7,8,11,24,50,94,280,400,400
GET,GET /api/products/[id],801,0,5,8.510357095321034,1.1108340113423765,408.45408296445385,80.0,4.457017374927633,0.0,5,6,7,7,10,17,45,96,410,410,410
GET,GET /api/users/[id],1204,1204,5,6.7728656479289,1.3139589573256671,215.87675000773743,622.6312292358804,6.699436853199588,6.699436853199588,5,6,6,7,9,14,25,51,110,220,220
GET,Health Check - Order,401,0,6,14.695304434309874,1.8398339743725955,551.5588750131428,53.0,2.2312908456254443,0.0,6,7,9,11,29,44,97,130,550,550,550
GET,Health Check - Product,412,0,6,11.564064822221871,1.8812500056810677,169.5391249959357,55.0,2.2924983251812545,0.0,6,7,9,12,25,34,88,100,170,170,170
GET,Health Check - User,379,379,6,8.363028956297049,1.6955829923972487,125.81937498180196,623.0,2.108875886513824,2.108875886513824,6,7,8,9,13,20,34,68,130,130,130
POST,POST /api/orders,369,0,6,13.968545725495936,2.0072089973837137,337.15529198525473,57.0,2.053232723281269,0.0,6,8,11,14,28,46,83,130,340,340,340
,Aggregated,5580,1583,5,9.298120728755658,1.1108340113423765,551.5588750131428,228.6578853046595,31.048885083765533,8.808312739713411,5,6,7,8,13,26,51,95,340,550,550
