Type,Name,Request Count,Failure Count,Median Response Time,Average Response Time,Min Response Time,Max Response Time,Average Content Size,Requests/s,Failures/s,50%,66%,75%,80%,90%,95%,98%,99%,99.9%,99.99%,100%
GET,/api/orders,104,104,4,5.887558923859615,1.3649159809574485,26.21387498220429,0.0,0.6197092206611396,0.6197092206611396,4,5,5,6,17,23,24,26,26,26,26
POST,/api/products,207,207,4,6.207358281314823,1.060499984305352,32.185666961595416,0.0,1.233459698815922,1.233459698815922,4,5,5,6,18,22,25,30,32,32,32
GET,/api/users,120,120,4,7.077348548530911,1.3728750054724514,35.15541699016467,0.0,0.7150491007628534,0.7150491007628534,4,5,5,8,23,26,31,32,35,35,35
POST,/api/users,20,20,7,6.476166844367981,4.411374975461513,8.439874975010753,0.0,0.11917485012714224,0.11917485012714224,7,7,8,8,8,8,8,8,8,8,8
,Aggregated,451,451,4,6.37701652998811,1.060499984305352,35.15541699016467,0.0,2.6873928703670575,2.6873928703670575,4,5,5,6,19,23,26,30,35,35,35
