Type,Name,Request Count,Failure Count,Median Response Time,Average Response Time,Min Response Time,Max Response Time,Average Content Size,Requests/s,Failures/s,50%,66%,75%,80%,90%,95%,98%,99%,99.9%,99.99%,100%
GET,/api/products,3696,3696,3,3.5517720300671485,0.6722499965690076,37.53375000087544,0.0,12.363046142372678,12.363046142372678,3,4,4,5,5,6,6,7,25,38,38
GET,/api/products/search?title=camera,493,493,3,3.504038705494308,0.6458340212702751,9.015750023536384,0.0,1.6490751483197321,1.6490751483197321,3,4,4,5,5,5,6,7,9,9,9
GET,/api/products/search?title=headphones,510,510,3,3.581187834360582,0.6815000087954104,15.489958983380347,0.0,1.7059398086066193,1.7059398086066193,3,4,4,5,5,6,6,8,15,15,15
GET,/api/products/search?title=laptop,465,465,4,3.545095630100257,0.8805000106804073,12.805583013687283,0.0,1.5554157078472117,1.5554157078472117,4,4,4,5,5,5,6,7,13,13,13
GET,/api/products/search?title=phone,458,458,4,3.685032016003919,0.7735410472378135,11.87950000166893,0.0,1.5320008477290816,1.5320008477290816,4,4,4,5,5,6,7,8,12,12,12
GET,/api/products/search?title=tablet,478,478,3,3.656493810397109,0.9442499722354114,32.11170801660046,0.0,1.5989004480665963,1.5989004480665963,3,4,4,5,5,6,7,8,32,32,32
POST,/api/users,100,100,9,8.73022624058649,3.1357919797301292,16.519333003088832,0.0,0.33449800168757243,0.33449800168757243,9,10,10,11,13,14,14,17,17,17,17
,Aggregated,6200,6200,4,3.6513366285831697,0.6458340212702751,37.53375000087544,0.0,20.73887610462949,20.73887610462949,4,4,4,5,5,6,7,9,17,38,38
