Type,Name,Request Count,Failure Count,Median Response Time,Average Response Time,Min Response Time,Max Response Time,Average Content Size,Requests/s,Failures/s,50%,66%,75%,80%,90%,95%,98%,99%,99.9%,99.99%,100%
GET,/api/products,18058,18058,1,7.227423525522274,0.35275000846013427,709.7105840221047,0.0,152.02370865805,152.02370865805,1,2,2,2,4,12,55,210,700,700,710
GET,/api/products/search?title=item,3556,3556,1,7.102829094067257,0.3582920180633664,704.6544159529731,0.0,29.936665632297366,29.936665632297366,1,2,2,2,4,12,50,140,700,700,700
GET,/api/products/search?title=laptop,3687,3687,1,5.8669332372366165,0.3600000054575503,703.8618749938905,0.0,31.039506801541165,31.039506801541165,1,2,2,2,3,11,45,90,690,700,700
GET,/api/products/search?title=phone,3566,3566,1,7.784516681167854,0.363041996024549,709.9574999883771,0.0,30.0208519810946,30.0208519810946,1,2,2,2,4,14,52,210,690,710,710
GET,/api/products/search?title=product,3738,3738,1,7.102299355934167,0.3702499670907855,703.8443339988589,0.0,31.468857180407074,31.468857180407074,1,2,2,2,4,11,49,210,700,700,700
GET,/api/products/search?title=test,3653,3653,1,7.287593350839813,0.3516669967211783,703.6246670177206,0.0,30.75327321563056,30.75327321563056,1,2,2,2,4,15,51,210,690,700,700
,Aggregated,36258,36258,1,7.124811548243701,0.3516669967211783,709.9574999883771,0.0,305.2428634690208,305.2428634690208,1,2,2,2,4,12,50,210,700,700,710
