Type,Name,Request Count,Failure Count,Median Response Time,Average Response Time,Min Response Time,Max Response Time,Average Content Size,Requests/s,Failures/s,50%,66%,75%,80%,90%,95%,98%,99%,99.9%,99.99%,100%
GET,/,40,0,4,11.088021895557176,1.46191701060161,213.2681249640882,67.0,1.2116571807584067,0.0,4,4,5,9,14,52,210,210,210,210,210
GET,/actuator/health,133,0,3,10.528033534047383,1.0849999962374568,211.38729102676734,15.0,4.028760126021702,0.0,3,4,4,5,11,73,87,130,210,210,210
GET,/api/products,97,0,3,9.164579030241548,1.336708024609834,241.0062499693595,74.0,2.938268663339136,0.0,3,4,4,4,5,19,180,240,240,240,240
POST,/post,48,0,4,8.218425453378586,1.6723750159144402,161.4839169778861,31.0,1.453988616910088,0.0,4,4,5,5,10,12,160,160,160,160,160
,Aggregated,318,0,3,9.833955734421986,1.0849999962374568,241.0062499693595,41.95283018867924,9.632674587029333,0.0,3,4,4,5,10,51,87,180,240,240,240
