Type,Name,Request Count,Failure Count,Median Response Time,Average Response Time,Min Response Time,Max Response Time,Average Content Size,Requests/s,Failures/s,50%,66%,75%,80%,90%,95%,98%,99%,99.9%,99.99%,100%
GET,/api/products,219,219,2100.0,2346.58068150721,112.15237498981878,9634.676625020802,229.95890410958904,3.7041678354525795,3.7041678354525795,2100,2700,3100,3400,4300,5100,7600,7600,9600,9600,9600
GET,/api/products/search?title=camera,26,26,2500.0,3023.7544166559996,475.9379579918459,11412.00116701657,233.0,0.43976421790761216,0.43976421790761216,2500,3200,3500,3700,5000,5800,11000,11000,11000,11000,11000
GET,/api/products/search?title=headphones,23,23,2300.0,2332.046246480035,112.37883399007842,7378.6785419797525,233.0,0.3890221927644262,0.3890221927644262,2300,2900,3000,3100,4100,4200,7400,7400,7400,7400,7400
GET,/api/products/search?title=laptop,26,26,1900.0,2352.6545528058286,95.55270901182666,5875.091041030828,228.73076923076923,0.43976421790761216,0.43976421790761216,2100,2500,3200,3300,4800,5000,5900,5900,5900,5900,5900
GET,/api/products/search?title=phone,26,26,2300.0,2438.256064116453,241.74712499370798,5405.703332973644,233.0,0.43976421790761216,0.43976421790761216,2300,2600,2900,2900,4400,4800,5400,5400,5400,5400,5400
GET,/api/products/search?title=tablet,37,37,1900.0,2020.1909234055092,105.30150000704452,5485.302332963329,230.0,0.6258183100992942,0.6258183100992942,1900,2400,3100,3100,3700,4500,5500,5500,5500,5500,5500
POST,/api/users,50,50,2500.0,2580.618675907608,442.9725829977542,6957.295915985014,230.78,0.8457004190531003,0.8457004190531003,2500,2800,3100,3600,4600,5300,7000,7000,7000,7000,7000
,Aggregated,407,407,2200.0,2394.3428052912514,95.55270901182666,11412.00116701657,230.54545454545453,6.884001411092236,6.884001411092236,2200,2700,3100,3400,4300,5000,6200,7600,11000,11000,11000
