Type,Name,Request Count,Failure Count,Median Response Time,Average Response Time,Min Response Time,Max Response Time,Average Content Size,Requests/s,Failures/s,50%,66%,75%,80%,90%,95%,98%,99%,99.9%,99.99%,100%
GET,/api/products,184,184,2200.0,2650.0411723410134,168.15112496260554,11918.46724995412,229.9836956521739,3.160152559293752,3.160152559293752,2200,2800,3400,3800,4800,6600,9700,12000,12000,12000,12000
GET,/api/products/search?title=camera,31,31,2100.0,2910.699003995697,134.3540829839185,13404.574707965367,233.0,0.5324170072723169,0.5324170072723169,2100,2900,3100,3500,5500,11000,13000,13000,13000,13000,13000
GET,/api/products/search?title=headphones,25,25,2100.0,2697.4265384022146,251.8384579452686,10225.942375021987,228.56,0.42936855425186843,0.42936855425186843,2100,2400,3400,4100,5500,7300,10000,10000,10000,10000,10000
GET,/api/products/search?title=laptop,21,21,3300.0,3747.166099001853,164.8717499920167,10256.933333002962,233.0,0.3606695855715695,0.3606695855715695,3300,4100,4900,6000,7300,10000,10000,10000,10000,10000,10000
GET,/api/products/search?title=phone,25,25,2000.0,2961.9505932810716,402.9492500121705,10223.336541967,233.0,0.42936855425186843,0.42936855425186843,2000,2300,2800,4000,9000,10000,10000,10000,10000,10000,10000
GET,/api/products/search?title=tablet,29,29,3400.0,3860.8308578560386,675.2205839729868,10074.913249991369,233.0,0.4980675229321674,0.4980675229321674,3400,4200,4400,5900,9200,9800,10000,10000,10000,10000,10000
POST,/api/users,50,50,3400.0,3868.4190450783353,943.2182909804396,10291.649041988421,233.0,0.8587371085037369,0.8587371085037369,3500,4800,5000,5300,6300,9300,10000,10000,10000,10000,10000
,Aggregated,365,365,2300.0,3023.011529691715,134.3540829839185,13404.574707965367,231.17534246575343,6.268780892077279,6.268780892077279,2300,3200,4000,4400,5900,8900,10000,11000,13000,13000,13000
